{
	"name": "healthEstimateSwffg",
	"title": "Health Estimate Star Wars FFG",
	"description": "Gives players ability to see approximate health status of a token",
	"version": "2.5.1",
	"authors": "Shylight",
	"scripts": [
		"./lib/chroma.min.js",
		"./lib/color-picker.min.js",
		"./lib/grapick.min.js",
		"./lib/spectrum.min.js"
	],
	"esmodules": [
		"./healthEstimate.js"
	],
	"styles": [
		"./healthEstimate.css",
		"./lib/spectrum.min.css"
	],
	"packs": [
		{
			"name": "deathmacro",
			"label": "Death macro",
			"path": "./packs/macros.db",
			"module": "healthEstimate",
			"type": "Macro"
		}
	],
	"languages": [
		{
			"lang": "en",
			"name": "English",
			"path": "./lang/en.json"
		},
		{
			"lang": "ru",
			"name": "Русский (Russian)",
			"path": "./lang/ru.json"
		},
		{
			"lang": "ko",
			"name": "한국어 (Korean)",
			"path": "./lang/ko.json"
		},
		{
			"lang": "fr",
			"name": "Français (French)",
			"path": "./lang/fr.json"
		},
		{
			"lang": "cn",
			"name": "中文 (Chinese)",
			"path": "./lang/cn.json"
		}
	],
	"relationships.systems": [
		"starwarsffg"
	],
	"compatibility": {
    "minimum": "0.5.0",
    "verified": "0.7.9"
  }
	"url": "https://github.com/tatsumasagc/healthEstimateSWFFG",
	"manifest": "https://raw.githubusercontent.com/tatsumasagc/healthEstimateSWFFG/master/dist/module.json",
	"download": "https://github.com/tatsumasagc/healthEstimateSWFFG/blob/master/package/healthEstimate-v2.5.1.zip",
	"license": "https://choosealicense.com/licenses/mit/"
}
